Workbook
Name Slicer_Representative: #N/A

Sheet pivot
A3: Call count | B3: Total Amount | C3: Total Duration | D3: Avg Rating | E3: 5* Rating
A4: 1000 | B4: 96623 | C4: 89850 | D4: 3.8854 | E4: 307
A9: Call count | B9: Total Amount | C9: Total Duration | D9: Avg Rating | E9: 5* Rating
A10: 1000 | B10: 96623 | C10: 89850 | D10: 3.8854 | E10: 307
A24: Row Labels | B24: Call count | C24: Call count2 | G24: Row Labels | H24: Call count | J24: `
A25: Jan | B25: 79 | C25: 79 | G25: Sunday | H25: 146
A26: Feb | B26: 66 | C26: 66 | G26: Monday | H26: 133
A27: Mar | B27: 155 | C27: 155 | G27: Tuesday | H27: 138
A28: Apr | B28: 136 | C28: 136 | G28: Wednesday | H28: 153
A29: May | B29: 83 | C29: 83 | G29: Thursday | H29: 128
A30: Jun | B30: 67 | C30: 67 | G30: Friday | H30: 141
A31: Jul | B31: 64 | C31: 64 | G31: Saturday | H31: 161
A32: Aug | B32: 50 | C32: 50 | G32: Grand Total | H32: 1000
A33: Sep | B33: 76 | C33: 76
A34: Oct | B34: 114 | C34: 114
A35: Nov | B35: 57 | C35: 57
A36: Dec | B36: 53 | C36: 53
A37: Grand Total | B37: 1000 | C37: 1000
E49: For Graph | H49: Selected rep | I49: =A63 -> R01
E51: Rep | F51: Calls | G51: Amount | H51: Sel.Calls | I51: Sel.Amount
A52: Row Labels | B52: Call count | C52: Total Amount | E52: =A53 -> R01 | F52: =B53 -> 189 | G52: =C53 -> 18415 | H52: =IF(E52=$I$49,F52,NA()) -> 189 | I52: =IF(E52=$I$49,G52,NA()) -> 18415
A53: R01 | B53: 189 | C53: 18415 | E53: =A54 -> R02 | F53: =B54 -> 218 | G53: =C54 -> 20581 | H53: =IF(E53=$I$49,F53,NA()) -> #N/A | I53: =IF(E53=$I$49,G53,NA()) -> #N/A
A54: R02 | B54: 218 | C54: 20581 | E54: =A55 -> R03 | F54: =B55 -> 207 | G54: =C55 -> 20872 | H54: =IF(E54=$I$49,F54,NA()) -> #N/A | I54: =IF(E54=$I$49,G54,NA()) -> #N/A
A55: R03 | B55: 207 | C55: 20872 | E55: =A56 -> R04 | F55: =B56 -> 186 | G55: =C56 -> 16651 | H55: =IF(E55=$I$49,F55,NA()) -> #N/A | I55: =IF(E55=$I$49,G55,NA()) -> #N/A
A56: R04 | B56: 186 | C56: 16651 | E56: =A57 -> R05 | F56: =B57 -> 200 | G56: =C57 -> 20104 | H56: =IF(E56=$I$49,F56,NA()) -> #N/A | I56: =IF(E56=$I$49,G56,NA()) -> #N/A
A57: R05 | B57: 200 | C57: 20104
A62: Row Labels
A63: R01
A64: R02
A65: R03
A66: R04
A67: R05
A77: Call count | B77: Column Labels
A78: Row Labels | B78: Female | C78: Male | D78: Grand Total
A79: Cincinnati | B79: 144 | C79: 132 | D79: 276
A80: Cleveland | B80: 326 | C80: 63 | D80: 389
A81: Columbus | B81: 129 | C81: 206 | D81: 335
A82: Grand Total | B82: 599 | C82: 401 | D82: 1000
A92: Row Labels | B92: Call count
A93: 0 | B93: 1
A94: 1 | B94: 8
A95: 2 | B95: 59
A96: 3 | B96: 197
A97: 4 | B97: 428
A98: 5 | B98: 307
A99: Grand Total | B99: 1000
A105: Total Amount | B105: Column Labels
A106: Row Labels | B106: R01 | C106: R02 | D106: R03 | E106: R04 | F106: R05 | G106: Grand Total | I106: =A107 -> Cincinnati | J106: =B106 -> R01 | K106: =C106 -> R02 | L106: =D106 -> R03 | M106: =E106 -> R04 | N106: =F106 -> R05 | O106: =G106 -> Grand Total
A107: Cincinnati | I107: =A108 -> C0003 | J107: =B108 -> 891 | K107: =C108 -> 1332 | L107: =D108 -> 1282 | M107: =E108 -> 739 | N107: =F108 -> 560 | O107: =G108 -> 4804
A108: C0003 | B108: 891 | C108: 1332 | D108: 1282 | E108: 739 | F108: 560 | G108: 4804 | I108: =A109 -> C0004
A109: C0004 | B109: 1991 | C109: 1886 | D109: 1206 | E109: 884 | F109: 1722 | G109: 7689 | I109: =A110 -> C0011
A110: C0011 | B110: 1163 | C110: 1180 | D110: 1616 | E110: 1043 | F110: 1747 | G110: 6749 | I110: =A111 -> C0012
A111: C0012 | B111: 1438 | C111: 1616 | D111: 866 | E111: 829 | F111: 2070 | G111: 6819 | I111: =A112 -> Cleveland
A112: Cleveland | I112: =A113 -> C0002
A113: C0002 | B113: 1233 | C113: 223 | D113: 1680 | E113: 990 | F113: 1508 | G113: 5634 | I113: =A114 -> C0007
A114: C0007 | B114: 1598 | C114: 1907 | D114: 869 | E114: 1426 | F114: 1416 | G114: 7216 | I114: =A115 -> C0008
A115: C0008 | B115: 900 | C115: 1016 | D115: 960 | E115: 940 | F115: 1193 | G115: 5009 | I115: =A116 -> C0010
A116: C0010 | B116: 900 | C116: 1470 | D116: 1617 | E116: 1314 | F116: 941 | G116: 6242 | I116: =A117 -> C0013
A117: C0013 | B117: 1255 | C117: 516 | D117: 1874 | E117: 1863 | F117: 1722 | G117: 7230 | I117: =A118 -> C0015
A118: C0015 | B118: 1138 | C118: 1898 | D118: 1482 | E118: 846 | F118: 1154 | G118: 6518 | I118: =A119 -> Columbus
A119: Columbus | I119: =A120 -> C0001
A120: C0001 | B120: 1655 | C120: 805 | D120: 2263 | E120: 987 | F120: 1075 | G120: 6785 | I120: =A121 -> C0005
A121: C0005 | B121: 1104 | C121: 2280 | D121: 1445 | E121: 1722 | F121: 1196 | G121: 7747 | I121: =A122 -> C0006
A122: C0006 | B122: 372 | C122: 1818 | D122: 1346 | E122: 1156 | F122: 1484 | G122: 6176 | I122: =A123 -> C0009
A123: C0009 | B123: 1415 | C123: 1271 | D123: 1214 | E123: 1135 | F123: 1566 | G123: 6601 | I123: =A124 -> C0014
A124: C0014 | B124: 1362 | C124: 1363 | D124: 1152 | E124: 777 | F124: 750 | G124: 5404 | I124: =A125 -> 0

Sheet Sheet1
C1: CALL CENTER REPORT
R19: =pivot!B106 -> R01 | S19: =pivot!C106 -> R02 | T19: =pivot!D106 -> R03 | U19: =pivot!E106 -> R04 | V19: =pivot!F106 -> R05 | W19: Total
Q21: =pivot!A107 -> Cincinnati
Q22: =pivot!A108 -> C0003 | R22: =pivot!B108 -> 891 | S22: =pivot!C108 -> 1332 | T22: =pivot!D108 -> 1282 | U22: =pivot!E108 -> 739 | V22: =pivot!F108 -> 560 | W22: =pivot!G108 -> 4804
Q23: =pivot!A109 -> C0004 | R23: =pivot!B109 -> 1991 | S23: =pivot!C109 -> 1886 | T23: =pivot!D109 -> 1206 | U23: =pivot!E109 -> 884 | V23: =pivot!F109 -> 1722 | W23: =pivot!G109 -> 7689
Q24: =pivot!A110 -> C0011 | R24: =pivot!B110 -> 1163 | S24: =pivot!C110 -> 1180 | T24: =pivot!D110 -> 1616 | U24: =pivot!E110 -> 1043 | V24: =pivot!F110 -> 1747 | W24: =pivot!G110 -> 6749
Q25: =pivot!A111 -> C0012 | R25: =pivot!B111 -> 1438 | S25: =pivot!C111 -> 1616 | T25: =pivot!D111 -> 866 | U25: =pivot!E111 -> 829 | V25: =pivot!F111 -> 2070 | W25: =pivot!G111 -> 6819
Q26: =pivot!A112 -> Cleveland
Q27: =pivot!A113 -> C0002 | R27: =pivot!B113 -> 1233 | S27: =pivot!C113 -> 223 | T27: =pivot!D113 -> 1680 | U27: =pivot!E113 -> 990 | V27: =pivot!F113 -> 1508 | W27: =pivot!G113 -> 5634
Q28: =pivot!A114 -> C0007 | R28: =pivot!B114 -> 1598 | S28: =pivot!C114 -> 1907 | T28: =pivot!D114 -> 869 | U28: =pivot!E114 -> 1426 | V28: =pivot!F114 -> 1416 | W28: =pivot!G114 -> 7216
Q29: =pivot!A115 -> C0008 | R29: =pivot!B115 -> 900 | S29: =pivot!C115 -> 1016 | T29: =pivot!D115 -> 960 | U29: =pivot!E115 -> 940 | V29: =pivot!F115 -> 1193 | W29: =pivot!G115 -> 5009
Q30: =pivot!A116 -> C0010 | R30: =pivot!B116 -> 900 | S30: =pivot!C116 -> 1470 | T30: =pivot!D116 -> 1617 | U30: =pivot!E116 -> 1314 | V30: =pivot!F116 -> 941 | W30: =pivot!G116 -> 6242
Q31: =pivot!A117 -> C0013 | R31: =pivot!B117 -> 1255 | S31: =pivot!C117 -> 516 | T31: =pivot!D117 -> 1874 | U31: =pivot!E117 -> 1863 | V31: =pivot!F117 -> 1722 | W31: =pivot!G117 -> 7230
Q32: =pivot!A118 -> C0015 | R32: =pivot!B118 -> 1138 | S32: =pivot!C118 -> 1898 | T32: =pivot!D118 -> 1482 | U32: =pivot!E118 -> 846 | V32: =pivot!F118 -> 1154 | W32: =pivot!G118 -> 6518
Q33: =pivot!A119 -> Columbus
Q34: =pivot!A120 -> C0001 | R34: =pivot!B120 -> 1655 | S34: =pivot!C120 -> 805 | T34: =pivot!D120 -> 2263 | U34: =pivot!E120 -> 987 | V34: =pivot!F120 -> 1075 | W34: =pivot!G120 -> 6785
Q35: =pivot!A121 -> C0005 | R35: =pivot!B121 -> 1104 | S35: =pivot!C121 -> 2280 | T35: =pivot!D121 -> 1445 | U35: =pivot!E121 -> 1722 | V35: =pivot!F121 -> 1196 | W35: =pivot!G121 -> 7747
Q36: =pivot!A122 -> C0006 | R36: =pivot!B122 -> 372 | S36: =pivot!C122 -> 1818 | T36: =pivot!D122 -> 1346 | U36: =pivot!E122 -> 1156 | V36: =pivot!F122 -> 1484 | W36: =pivot!G122 -> 6176
Q37: =pivot!A123 -> C0009 | R37: =pivot!B123 -> 1415 | S37: =pivot!C123 -> 1271 | T37: =pivot!D123 -> 1214 | U37: =pivot!E123 -> 1135 | V37: =pivot!F123 -> 1566 | W37: =pivot!G123 -> 6601
Q38: =pivot!A124 -> C0014 | R38: =pivot!B124 -> 1362 | S38: =pivot!C124 -> 1363 | T38: =pivot!D124 -> 1152 | U38: =pivot!E124 -> 777 | V38: =pivot!F124 -> 750 | W38: =pivot!G124 -> 5404

Sheet Data
B1: Call Centre Data
B3: Call number | C3: Customer ID | D3: Duration | E3: Representative | F3: Date of Call | G3: Purchase Amount | H3: Satisfaction Rating | I3: FY | J3: Day of week | K3: Duration Bucket | L3: Rating rounded | Q3: Customer ID | R3: Gedner | S3: Age | T3: City
B4: Call_7271 | C4: C0003 | D4: 116 | E4: R05 | F4: 44927 | G4: 128 | H4: 4.9 | I4: =IF(MONTH(calls[[#This Row],[Date of Call]])<=6, YEAR(calls[[#This Row],[Date of Call]]), YEAR(calls[[#This Row],[Date of Call]])+1) -> 2023 | J4: =TEXT(calls[[#This Row],[Date of Call]],"DDDD") -> Sunday | K4: {=_xlfn.IFS(calls[[#This Row],[Duration]]<=10,"Under 10 mins", calls[[#This Row],[Duration]]<=30, "10 to 30 mins", calls[[#This Row],[Duration]]<=60, "30 to 60 mins", calls[[#This Row],[Duration]]<=120, "1 to 2 hours", TRUE, "More than 2 hours")} -> 1 to 2 hours | L4: =ROUND(calls[[#This Row],[Satisfaction Rating]],0) -> 5 | Q4: C0001 | R4: Male | S4: 41 | T4: Columbus
B5: Call_7272 | C5: C0004 | D5: 119 | E5: R05 | F5: 44927 | G5: 135 | H5: 2.9 | I5: =IF(MONTH(calls[[#This Row],[Date of Call]])<=6, YEAR(calls[[#This Row],[Date of Call]]), YEAR(calls[[#This Row],[Date of Call]])+1) -> 2023 | J5: =TEXT(calls[[#This Row],[Date of Call]],"DDDD") -> Sunday | K5: {=_xlfn.IFS(calls[[#This Row],[Duration]]<=10,"Under 10 mins", calls[[#This Row],[Duration]]<=30, "10 to 30 mins", calls[[#This Row],[Duration]]<=60, "30 to 60 mins", calls[[#This Row],[Duration]]<=120, "1 to 2 hours", TRUE, "More than 2 hours")} -> 1 to 2 hours | L5: =ROUND(calls[[#This Row],[Satisfaction Rating]],0) -> 3 | Q5: C0002 | R5: Male | S5: 31 | T5: Cleveland
B6: Call_7273 | C6: C0005 | D6: 68 | E6: R02 | F6: 44927 | G6: 66 | H6: 4.7 | I6: =IF(MONTH(calls[[#This Row],[Date of Call]])<=6, YEAR(calls[[#This Row],[Date of Call]]), YEAR(calls[[#This Row],[Date of Call]])+1) -> 2023 | J6: =TEXT(calls[[#This Row],[Date of Call]],"DDDD") -> Sunday | K6: {=_xlfn.IFS(calls[[#This Row],[Duration]]<=10,"Under 10 mins", calls[[#This Row],[Duration]]<=30, "10 to 30 mins", calls[[#This Row],[Duration]]<=60, "30 to 60 mins", calls[[#This Row],[Duration]]<=120, "1 to 2 hours", TRUE, "More than 2 hours")} -> 1 to 2 hours | L6: =ROUND(calls[[#This Row],[Satisfaction Rating]],0) -> 5 | Q6: C0003 | R6: Male | S6: 26 | T6: Cincinnati
B7: Call_7274 | C7: C0014 | D7: 119 | E7: R02 | F7: 44927 | G7: 22 | H7: 2.9 | I7: =IF(MONTH(calls[[#This Row],[Date of Call]])<=6, YEAR(calls[[#This Row],[Date of Call]]), YEAR(calls[[#This Row],[Date of Call]])+1) -> 2023 | J7: =TEXT(calls[[#This Row],[Date of Call]],"DDDD") -> Sunday | K7: {=_xlfn.IFS(calls[[#This Row],[Duration]]<=10,"Under 10 mins", calls[[#This Row],[Duration]]<=30, "10 to 30 mins", calls[[#This Row],[Duration]]<=60, "30 to 60 mins", calls[[#This Row],[Duration]]<=120, "1 to 2 hours", TRUE, "More than 2 hours")} -> 1 to 2 hours | L7: =ROUND(calls[[#This Row],[Satisfaction Rating]],0) -> 3 | Q7: C0004 | R7: Male | S7: 36 | T7: Cincinnati
B8: Call_7275 | C8: C0011 | D8: 128 | E8: R01 | F8: 44928 | G8: 31 | H8: 2.8 | I8: =IF(MONTH(calls[[#This Row],[Date of Call]])<=6, YEAR(calls[[#This Row],[Date of Call]]), YEAR(calls[[#This Row],[Date of Call]])+1) -> 2023 | J8: =TEXT(calls[[#This Row],[Date of Call]],"DDDD") -> Monday | K8: {=_xlfn.IFS(calls[[#This Row],[Duration]]<=10,"Under 10 mins", calls[[#This Row],[Duration]]<=30, "10 to 30 mins", calls[[#This Row],[Duration]]<=60, "30 to 60 mins", calls[[#This Row],[Duration]]<=120, "1 to 2 hours", TRUE, "More than 2 hours")} -> More than 2 hours | L8: =ROUND(calls[[#This Row],[Satisfaction Rating]],0) -> 3 | Q8: C0005 | R8: Male | S8: 37 | T8: Columbus
B9: Call_7276 | C9: C0011 | D9: 49 | E9: R02 | F9: 44929 | G9: 135 | H9: 4.8 | I9: =IF(MONTH(calls[[#This Row],[Date of Call]])<=6, YEAR(calls[[#This Row],[Date of Call]]), YEAR(calls[[#This Row],[Date of Call]])+1) -> 2023 | J9: =TEXT(calls[[#This Row],[Date of Call]],"DDDD") -> Tuesday | K9: {=_xlfn.IFS(calls[[#This Row],[Duration]]<=10,"Under 10 mins", calls[[#This Row],[Duration]]<=30, "10 to 30 mins", calls[[#This Row],[Duration]]<=60, "30 to 60 mins", calls[[#This Row],[Duration]]<=120, "1 to 2 hours", TRUE, "More than 2 hours")} -> 30 to 60 mins | L9: =ROUND(calls[[#This Row],[Satisfaction Rating]],0) -> 5 | Q9: C0006 | R9: Male | S9: 23 | T9: Columbus
B10: Call_7277 | C10: C0007 | D10: 84 | E10: R05 | F10: 44929 | G10: 60 | H10: 4.7 | I10: =IF(MONTH(calls[[#This Row],[Date of Call]])<=6, YEAR(calls[[#This Row],[Date of Call]]), YEAR(calls[[#This Row],[Date of Call]])+1) -> 2023 | J10: =TEXT(calls[[#This Row],[Date of Call]],"DDDD") -> Tuesday | K10: {=_xlfn.IFS(calls[[#This Row],[Duration]]<=10,"Under 10 mins", calls[[#This Row],[Duration]]<=30, "10 to 30 mins", calls[[#This Row],[Duration]]<=60, "30 to 60 mins", calls[[#This Row],[Duration]]<=120, "1 to 2 hours", TRUE, "More than 2 hours")} -> 1 to 2 hours | L10: =ROUND(calls[[#This Row],[Satisfaction Rating]],0) -> 5 | Q10: C0007 | R10: Female | S10: 22 | T10: Cleveland
B11: Call_7278 | C11: C0003 | D11: 103 | E11: R04 | F11: 44929 | G11: 148 | H11: 4.4 | I11: =IF(MONTH(calls[[#This Row],[Date of Call]])<=6, YEAR(calls[[#This Row],[Date of Call]]), YEAR(calls[[#This Row],[Date of Call]])+1) -> 2023 | J11: =TEXT(calls[[#This Row],[Date of Call]],"DDDD") -> Tuesday | K11: {=_xlfn.IFS(calls[[#This Row],[Duration]]<=10,"Under 10 mins", calls[[#This Row],[Duration]]<=30, "10 to 30 mins", calls[[#This Row],[Duration]]<=60, "30 to 60 mins", calls[[#This Row],[Duration]]<=120, "1 to 2 hours", TRUE, "More than 2 hours")} -> 1 to 2 hours | L11: =ROUND(calls[[#This Row],[Satisfaction Rating]],0) -> 4 | Q11: C0008 | R11: Female | S11: 42 | T11: Cleveland
B12: Call_7279 | C12: C0005 | D12: 31 | E12: R02 | F12: 44929 | G12: 135 | H12: 3.6 | I12: =IF(MONTH(calls[[#This Row],[Date of Call]])<=6, YEAR(calls[[#This Row],[Date of Call]]), YEAR(calls[[#This Row],[Date of Call]])+1) -> 2023 | J12: =TEXT(calls[[#This Row],[Date of Call]],"DDDD") -> Tuesday | K12: {=_xlfn.IFS(calls[[#This Row],[Duration]]<=10,"Under 10 mins", calls[[#This Row],[Duration]]<=30, "10 to 30 mins", calls[[#This Row],[Duration]]<=60, "30 to 60 mins", calls[[#This Row],[Duration]]<=120, "1 to 2 hours", TRUE, "More than 2 hours")} -> 30 to 60 mins | L12: =ROUND(calls[[#This Row],[Satisfaction Rating]],0) -> 4 | Q12: C0009 | R12: Female | S12: 25 | T12: Columbus
B13: Call_7280 | C13: C0010 | D13: 44 | E13: R03 | F13: 44929 | G13: 105 | H13: 2.9 | I13: =IF(MONTH(calls[[#This Row],[Date of Call]])<=6, YEAR(calls[[#This Row],[Date of Call]]), YEAR(calls[[#This Row],[Date of Call]])+1) -> 2023 | J13: =TEXT(calls[[#This Row],[Date of Call]],"DDDD") -> Tuesday | K13: {=_xlfn.IFS(calls[[#This Row],[Duration]]<=10,"Under 10 mins", calls[[#This Row],[Duration]]<=30, "10 to 30 mins", calls[[#This Row],[Duration]]<=60, "30 to 60 mins", calls[[#This Row],[Duration]]<=120, "1 to 2 hours", TRUE, "More than 2 hours")} -> 30 to 60 mins | L13: =ROUND(calls[[#This Row],[Satisfaction Rating]],0) -> 3 | Q13: C0010 | R13: Female | S13: 30 | T13: Cleveland
B14: Call_7281 | C14: C0011 | D14: 102 | E14: R02 | F14: 44929 | G14: 69 | H14: 4.9 | I14: =IF(MONTH(calls[[#This Row],[Date of Call]])<=6, YEAR(calls[[#This Row],[Date of Call]]), YEAR(calls[[#This Row],[Date of Call]])+1) -> 2023 | J14: =TEXT(calls[[#This Row],[Date of Call]],"DDDD") -> Tuesday | K14: {=_xlfn.IFS(calls[[#This Row],[Duration]]<=10,"Under 10 mins", calls[[#This Row],[Duration]]<=30, "10 to 30 mins", calls[[#This Row],[Duration]]<=60, "30 to 60 mins", calls[[#This Row],[Duration]]<=120, "1 to 2 hours", TRUE, "More than 2 hours")} -> 1 to 2 hours | L14: =ROUND(calls[[#This Row],[Satisfaction Rating]],0) -> 5 | Q14: C0011 | R14: Female | S14: 30 | T14: Cincinnati
B15: Call_7282 | C15: C0013 | D15: 135 | E15: R05 | F15: 44929 | G15: 46 | H15: 3.4 | I15: =IF(MONTH(calls[[#This Row],[Date of Call]])<=6, YEAR(calls[[#This Row],[Date of Call]]), YEAR(calls[[#This Row],[Date of Call]])+1) -> 2023 | J15: =TEXT(calls[[#This Row],[Date of Call]],"DDDD") -> Tuesday | K15: {=_xlfn.IFS(calls[[#This Row],[Duration]]<=10,"Under 10 mins", calls[[#This Row],[Duration]]<=30, "10 to 30 mins", calls[[#This Row],[Duration]]<=60, "30 to 60 mins", calls[[#This Row],[Duration]]<=120, "1 to 2 hours", TRUE, "More than 2 hours")} -> More than 2 hours | L15: =ROUND(calls[[#This Row],[Satisfaction Rating]],0) -> 3 | Q15: C0012 | R15: Female | S15: 28 | T15: Cincinnati
... B18: Call_7285 | C18: C0013 | D18: 48 | E18: R01 | F18: 44930 | G18: 68 | H18: 4.9 | I18: =IF(MONTH(calls[[#This Row],[Date of Call]])<=6, YEAR(calls[[#This Row],[Date of Call]]), YEAR(calls[[#This Row],[Date of Call]])+1) -> 2023 | J18: =TEXT(calls[[#This Row],[Date of Call]],"DDDD") -> Wednesday | K18: {=_xlfn.IFS(calls[[#This Row],[Duration]]<=10,"Under 10 mins", calls[[#This Row],[Duration]]<=30, "10 to 30 mins", calls[[#This Row],[Duration]]<=60, "30 to 60 mins", calls[[#This Row],[Duration]]<=120, "1 to 2 hours", TRUE, "More than 2 hours")} -> 30 to 60 mins | L18: =ROUND(calls[[#This Row],[Satisfaction Rating]],0) -> 5 | Q18: C0015 | R18: Female | S18: 43 | T18: Cleveland
B19: Call_7286 | C19: C0010 | D19: 176 | E19: R05 | F19: 44931 | G19: 24 | H19: 4.8 | I19: =IF(MONTH(calls[[#This Row],[Date of Call]])<=6, YEAR(calls[[#This Row],[Date of Call]]), YEAR(calls[[#This Row],[Date of Call]])+1) -> 2023 | J19: =TEXT(calls[[#This Row],[Date of Call]],"DDDD") -> Thursday | K19: {=_xlfn.IFS(calls[[#This Row],[Duration]]<=10,"Under 10 mins", calls[[#This Row],[Duration]]<=30, "10 to 30 mins", calls[[#This Row],[Duration]]<=60, "30 to 60 mins", calls[[#This Row],[Duration]]<=120, "1 to 2 hours", TRUE, "More than 2 hours")} -> More than 2 hours | L19: =ROUND(calls[[#This Row],[Satisfaction Rating]],0) -> 5
B20: Call_7287 | C20: C0010 | D20: 99 | E20: R01 | F20: 44931 | G20: 195 | H20: 3.9 | I20: =IF(MONTH(calls[[#This Row],[Date of Call]])<=6, YEAR(calls[[#This Row],[Date of Call]]), YEAR(calls[[#This Row],[Date of Call]])+1) -> 2023 | J20: =TEXT(calls[[#This Row],[Date of Call]],"DDDD") -> Thursday | K20: {=_xlfn.IFS(calls[[#This Row],[Duration]]<=10,"Under 10 mins", calls[[#This Row],[Duration]]<=30, "10 to 30 mins", calls[[#This Row],[Duration]]<=60, "30 to 60 mins", calls[[#This Row],[Duration]]<=120, "1 to 2 hours", TRUE, "More than 2 hours")} -> 1 to 2 hours | L20: =ROUND(calls[[#This Row],[Satisfaction Rating]],0) -> 4
B21: Call_7288 | C21: C0009 | D21: 28 | E21: R03 | F21: 44931 | G21: 28 | H21: 3.8 | I21: =IF(MONTH(calls[[#This Row],[Date of Call]])<=6, YEAR(calls[[#This Row],[Date of Call]]), YEAR(calls[[#This Row],[Date of Call]])+1) -> 2023 | J21: =TEXT(calls[[#This Row],[Date of Call]],"DDDD") -> Thursday | K21: {=_xlfn.IFS(calls[[#This Row],[Duration]]<=10,"Under 10 mins", calls[[#This Row],[Duration]]<=30, "10 to 30 mins", calls[[#This Row],[Duration]]<=60, "30 to 60 mins", calls[[#This Row],[Duration]]<=120, "1 to 2 hours", TRUE, "More than 2 hours")} -> 10 to 30 mins | L21: =ROUND(calls[[#This Row],[Satisfaction Rating]],0) -> 4
B22: Call_7289 | C22: C0007 | D22: 54 | E22: R02 | F22: 44931 | G22: 170 | H22: 4.3 | I22: =IF(MONTH(calls[[#This Row],[Date of Call]])<=6, YEAR(calls[[#This Row],[Date of Call]]), YEAR(calls[[#This Row],[Date of Call]])+1) -> 2023 | J22: =TEXT(calls[[#This Row],[Date of Call]],"DDDD") -> Thursday | K22: {=_xlfn.IFS(calls[[#This Row],[Duration]]<=10,"Under 10 mins", calls[[#This Row],[Duration]]<=30, "10 to 30 mins", calls[[#This Row],[Duration]]<=60, "30 to 60 mins", calls[[#This Row],[Duration]]<=120, "1 to 2 hours", TRUE, "More than 2 hours")} -> 30 to 60 mins | L22: =ROUND(calls[[#This Row],[Satisfaction Rating]],0) -> 4
B23: Call_7290 | C23: C0006 | D23: 48 | E23: R05 | F23: 44932 | G23: 30 | H23: 4.4 | I23: =IF(MONTH(calls[[#This Row],[Date of Call]])<=6, YEAR(calls[[#This Row],[Date of Call]]), YEAR(calls[[#This Row],[Date of Call]])+1) -> 2023 | J23: =TEXT(calls[[#This Row],[Date of Call]],"DDDD") -> Friday | K23: {=_xlfn.IFS(calls[[#This Row],[Duration]]<=10,"Under 10 mins", calls[[#This Row],[Duration]]<=30, "10 to 30 mins", calls[[#This Row],[Duration]]<=60, "30 to 60 mins", calls[[#This Row],[Duration]]<=120, "1 to 2 hours", TRUE, "More than 2 hours")} -> 30 to 60 mins | L23: =ROUND(calls[[#This Row],[Satisfaction Rating]],0) -> 4
B24: Call_7291 | C24: C0004 | D24: 128 | E24: R05 | F24: 44932 | G24: 72 | H24: 5 | I24: =IF(MONTH(calls[[#This Row],[Date of Call]])<=6, YEAR(calls[[#This Row],[Date of Call]]), YEAR(calls[[#This Row],[Date of Call]])+1) -> 2023 | J24: =TEXT(calls[[#This Row],[Date of Call]],"DDDD") -> Friday | K24: {=_xlfn.IFS(calls[[#This Row],[Duration]]<=10,"Under 10 mins", calls[[#This Row],[Duration]]<=30, "10 to 30 mins", calls[[#This Row],[Duration]]<=60, "30 to 60 mins", calls[[#This Row],[Duration]]<=120, "1 to 2 hours", TRUE, "More than 2 hours")} -> More than 2 hours | L24: =ROUND(calls[[#This Row],[Satisfaction Rating]],0) -> 5
B25: Call_7292 | C25: C0004 | D25: 38 | E25: R04 | F25: 44933 | G25: 92 | H25: 4.9 | I25: =IF(MONTH(calls[[#This Row],[Date of Call]])<=6, YEAR(calls[[#This Row],[Date of Call]]), YEAR(calls[[#This Row],[Date of Call]])+1) -> 2023 | J25: =TEXT(calls[[#This Row],[Date of Call]],"DDDD") -> Saturday | K25: {=_xlfn.IFS(calls[[#This Row],[Duration]]<=10,"Under 10 mins", calls[[#This Row],[Duration]]<=30, "10 to 30 mins", calls[[#This Row],[Duration]]<=60, "30 to 60 mins", calls[[#This Row],[Duration]]<=120, "1 to 2 hours", TRUE, "More than 2 hours")} -> 30 to 60 mins | L25: =ROUND(calls[[#This Row],[Satisfaction Rating]],0) -> 5
B26: Call_7293 | C26: C0003 | D26: 67 | E26: R04 | F26: 44934 | G26: 165 | H26: 4.5 | I26: =IF(MONTH(calls[[#This Row],[Date of Call]])<=6, YEAR(calls[[#This Row],[Date of Call]]), YEAR(calls[[#This Row],[Date of Call]])+1) -> 2023 | J26: =TEXT(calls[[#This Row],[Date of Call]],"DDDD") -> Sunday | K26: {=_xlfn.IFS(calls[[#This Row],[Duration]]<=10,"Under 10 mins", calls[[#This Row],[Duration]]<=30, "10 to 30 mins", calls[[#This Row],[Duration]]<=60, "30 to 60 mins", calls[[#This Row],[Duration]]<=120, "1 to 2 hours", TRUE, "More than 2 hours")} -> 1 to 2 hours | L26: =ROUND(calls[[#This Row],[Satisfaction Rating]],0) -> 5
B27: Call_7294 | C27: C0015 | D27: 58 | E27: R02 | F27: 44934 | G27: 140 | H27: 2.1 | I27: =IF(MONTH(calls[[#This Row],[Date of Call]])<=6, YEAR(calls[[#This Row],[Date of Call]]), YEAR(calls[[#This Row],[Date of Call]])+1) -> 2023 | J27: =TEXT(calls[[#This Row],[Date of Call]],"DDDD") -> Sunday | K27: {=_xlfn.IFS(calls[[#This Row],[Duration]]<=10,"Under 10 mins", calls[[#This Row],[Duration]]<=30, "10 to 30 mins", calls[[#This Row],[Duration]]<=60, "30 to 60 mins", calls[[#This Row],[Duration]]<=120, "1 to 2 hours", TRUE, "More than 2 hours")} -> 30 to 60 mins | L27: =ROUND(calls[[#This Row],[Satisfaction Rating]],0) -> 2
B28: Call_7295 | C28: C0010 | D28: 54 | E28: R01 | F28: 44934 | G28: 111 | H28: 3.3 | I28: =IF(MONTH(calls[[#This Row],[Date of Call]])<=6, YEAR(calls[[#This Row],[Date of Call]]), YEAR(calls[[#This Row],[Date of Call]])+1) -> 2023 | J28: =TEXT(calls[[#This Row],[Date of Call]],"DDDD") -> Sunday | K28: {=_xlfn.IFS(calls[[#This Row],[Duration]]<=10,"Under 10 mins", calls[[#This Row],[Duration]]<=30, "10 to 30 mins", calls[[#This Row],[Duration]]<=60, "30 to 60 mins", calls[[#This Row],[Duration]]<=120, "1 to 2 hours", TRUE, "More than 2 hours")} -> 30 to 60 mins | L28: =ROUND(calls[[#This Row],[Satisfaction Rating]],0) -> 3
B29: Call_7296 | C29: C0012 | D29: 28 | E29: R05 | F29: 44935 | G29: 63 | H29: 4.1 | I29: =IF(MONTH(calls[[#This Row],[Date of Call]])<=6, YEAR(calls[[#This Row],[Date of Call]]), YEAR(calls[[#This Row],[Date of Call]])+1) -> 2023 | J29: =TEXT(calls[[#This Row],[Date of Call]],"DDDD") -> Monday | K29: {=_xlfn.IFS(calls[[#This Row],[Duration]]<=10,"Under 10 mins", calls[[#This Row],[Duration]]<=30, "10 to 30 mins", calls[[#This Row],[Duration]]<=60, "30 to 60 mins", calls[[#This Row],[Duration]]<=120, "1 to 2 hours", TRUE, "More than 2 hours")} -> 10 to 30 mins | L29: =ROUND(calls[[#This Row],[Satisfaction Rating]],0) -> 4
B30: Call_7297 | C30: C0002 | D30: 73 | E30: R05 | F30: 44935 | G30: 80 | H30: 4.2 | I30: =IF(MONTH(calls[[#This Row],[Date of Call]])<=6, YEAR(calls[[#This Row],[Date of Call]]), YEAR(calls[[#This Row],[Date of Call]])+1) -> 2023 | J30: =TEXT(calls[[#This Row],[Date of Call]],"DDDD") -> Monday | K30: {=_xlfn.IFS(calls[[#This Row],[Duration]]<=10,"Under 10 mins", calls[[#This Row],[Duration]]<=30, "10 to 30 mins", calls[[#This Row],[Duration]]<=60, "30 to 60 mins", calls[[#This Row],[Duration]]<=120, "1 to 2 hours", TRUE, "More than 2 hours")} -> 1 to 2 hours | L30: =ROUND(calls[[#This Row],[Satisfaction Rating]],0) -> 4
... B1003: Call_8270 | C1003: C0009 | D1003: 114 | E1003: R01 | F1003: 45291 | G1003: 40 | H1003: 3.9 | I1003: =IF(MONTH(calls[[#This Row],[Date of Call]])<=6, YEAR(calls[[#This Row],[Date of Call]]), YEAR(calls[[#This Row],[Date of Call]])+1) -> 2024 | J1003: =TEXT(calls[[#This Row],[Date of Call]],"DDDD") -> Sunday | K1003: {=_xlfn.IFS(calls[[#This Row],[Duration]]<=10,"Under 10 mins", calls[[#This Row],[Duration]]<=30, "10 to 30 mins", calls[[#This Row],[Duration]]<=60, "30 to 60 mins", calls[[#This Row],[Duration]]<=120, "1 to 2 hours", TRUE, "More than 2 hours")} -> 1 to 2 hours | L1003: =ROUND(calls[[#This Row],[Satisfaction Rating]],0) -> 4

Sheet Assets
E2: Rep ID | F2: Rep Image
E3: R01 | F3: #VALUE!
E4: R02 | F4: #VALUE!
E5: R03 | F5: #VALUE!
E6: R04 | F6: #VALUE!
E7: R05 | F7: #VALUE!
